dictionary,dv,segment,lag_k,family,add_ar1,beta,se_hac_q4,t,p,q_bh,reject_bh,R2,R2_adj,sample_N,sample_start,sample_end,nw_lag_fixed,nw_lag_auto_suggest,lb_m5_p,lb_m10_p,m_tests,alpha_bh,N,const
Correa,psei_ret,F_L,1,prediction_k1_5,False,-0.0007638870909406719,0.0022014237735696342,-0.3469968390965544,0.7285936934510904,0.9525638701886117,False,0.0006455383195961284,-0.01496937514416019,66,2020-01-08,2020-04-17,4,3,0.3876415234894074,0.7546129471184005,15.0,0.05,66,-0.0021187445507007837
Correa,psei_ret,F_L,2,prediction_k1_5,False,-0.0005709509319925438,0.002094911170362594,-0.2725418337875022,0.7852054294805741,0.9525638701886117,False,0.0003830728539637729,-0.01523594163269304,66,2020-01-08,2020-04-17,4,3,0.37582599465160604,0.7482820720444896,15.0,0.05,66,-0.0021293960163273123
Correa,psei_ret,F_L,3,prediction_k1_5,False,0.0016291255120318687,0.002107967638785065,0.7728418036677362,0.43961600982657656,0.9525638701886117,False,0.0032782743187791397,-0.01229550264499002,66,2020-01-08,2020-04-17,4,3,0.4298396614225204,0.763255832913051,15.0,0.05,66,-0.001986226331100744
Correa,psei_ret,F_L,4,prediction_k1_5,False,0.004030998628851051,0.0028570348337366813,1.4109028637844632,0.15827325764668543,0.9525638701886117,False,0.020431495552864276,0.005125737670877761,66,2020-01-08,2020-04-17,4,3,0.2952339050930284,0.6506757223275289,15.0,0.05,66,-0.0018698354425164025
Correa,psei_ret,F_L,5,prediction_k1_5,False,-0.00012000451453081736,0.0020173084782645506,-0.059487438745141646,0.9525638701886117,0.9525638701886117,False,2.0186662395449417e-05,-0.015604497921004601,66,2020-01-08,2020-04-17,4,3,0.38457310677072787,0.7531825919845095,15.0,0.05,66,-0.0021014808286750164
Correa,psei_ret,HP_L,1,prediction_k1_5,False,-0.0015829737103713426,0.0026610964075121186,-0.5948577082373645,0.5519385889719086,0.9525638701886117,False,0.003037172370913277,-0.012540371810791262,66,2020-01-08,2020-04-17,4,3,0.41903580697651877,0.7899548924412858,15.0,0.05,66,-0.002037893685276838
Correa,psei_ret,HP_L,2,prediction_k1_5,False,-0.0005494681034375949,0.001585188374510045,-0.3466263772010227,0.7288720269663835,0.9525638701886117,False,0.00042892263551996823,-0.015189375448300124,66,2020-01-08,2020-04-17,4,3,0.37111571889252615,0.7395155086010112,15.0,0.05,66,-0.0020976073954153997
Correa,psei_ret,HP_L,3,prediction_k1_5,False,-0.00039721917450615625,0.0022114815074362444,-0.17961677417174055,0.8574534349731813,0.9525638701886117,False,0.0002280371169380846,-0.01539339980310972,66,2020-01-08,2020-04-17,4,3,0.372614268158086,0.7499462844554647,15.0,0.05,66,-0.002107946628839714
Correa,psei_ret,HP_L,4,prediction_k1_5,False,0.0010437058200680168,0.00212645597291291,0.4908193883921819,0.6235541957841291,0.9525638701886117,False,0.0015483738295578586,-0.0140524328293552,66,2020-01-08,2020-04-17,4,3,0.36833493008327156,0.7439636491421209,15.0,0.05,66,-0.0020491422298245508
Correa,psei_ret,HP_L,5,prediction_k1_5,False,0.0011359454723372652,0.002725827168629754,0.41673422490256185,0.6768728178453767,0.9525638701886117,False,0.0018105675793171905,-0.013786142302256055,66,2020-01-08,2020-04-17,4,3,0.3859173920116999,0.7491613587198812,15.0,0.05,66,-0.0020530897822061554
Correa,psei_ret,H_L,1,prediction_k1_5,False,-0.0009131299755520707,0.0021238391933188815,-0.4299430853449599,0.6672370429657073,0.9525638701886117,False,0.001140390766147692,-0.014466790628131276,66,2020-01-08,2020-04-17,4,3,0.40763845672215526,0.7722313896049811,15.0,0.05,66,-0.002052318701902677
Correa,psei_ret,H_L,2,prediction_k1_5,False,0.0018571967523878118,0.001717351646168546,1.0814306764320887,0.27950558210863197,0.9525638701886117,False,0.004817791827523066,-0.010731930175171822,66,2020-01-08,2020-04-17,4,3,0.41353628773815493,0.7965831727365995,15.0,0.05,66,-0.002198854644171357
Correa,psei_ret,H_L,3,prediction_k1_5,False,-0.00015523736981970924,0.0019064055434798494,-0.0814293529257932,0.9351005063562702,0.9525638701886117,False,3.351991109368235e-05,-0.015590956340295392,66,2020-01-08,2020-04-17,4,3,0.3806025705807117,0.7513387989561111,15.0,0.05,66,-0.0020952617432501903
Correa,psei_ret,H_L,4,prediction_k1_5,False,-0.0008055540503819319,0.0025285033249550976,-0.31858927865805253,0.7500379845228178,0.9525638701886117,False,0.0009032363547083477,-0.014707650577249431,66,2020-01-08,2020-04-17,4,3,0.40789382038,0.7653019162163754,15.0,0.05,66,-0.002116670206319376
Correa,psei_ret,H_L,5,prediction_k1_5,False,-0.0018859507163887649,0.00222191882697927,-0.8487937063626854,0.3959960928308862,0.9525638701886117,False,0.0049544223365252105,-0.010593164814466594,66,2020-01-08,2020-04-17,4,3,0.3727508974636986,0.7591848153695102,15.0,0.05,66,-0.002203407085478633
Correa,psei_ret,F_L,0,diagnostic_k0,False,0.00617297098421061,0.0029026361955792964,2.1266774643036634,0.033446891210243385,0.033446891210243385,True,0.04165665862443646,0.02735302666360706,69,2020-01-03,2020-04-17,4,3,0.3293216910012431,0.6559261625108573,1.0,0.05,69,-0.0018680288555348035
Correa,psei_ret,HP_L,0,diagnostic_k0,False,0.005665513362355719,0.0027243700573363725,2.0795682095753594,0.0375651554061533,0.0375651554061533,True,0.039027140921729764,0.02468426242802424,69,2020-01-03,2020-04-17,4,3,0.2835402825269898,0.6279539613013339,1.0,0.05,69,-0.0020201703882400898
Correa,psei_ret,H_L,0,diagnostic_k0,False,0.004676205526882333,0.0021308885465966968,2.1944862082772163,0.028200474371491053,0.028200474371491053,True,0.029812779609158624,0.015332373334668414,69,2020-01-03,2020-04-17,4,3,0.26695997944296723,0.632579440937808,1.0,0.05,69,-0.0020216914856940786
Correa,d_psei_10d_vol_log,F_L,1,prediction_k1_5,False,-0.002616458183657496,0.01894510417548019,-0.13810735266601815,0.8901555748777343,0.8901555748777343,False,0.00023841774130406446,-0.016151116394084397,63,2020-01-08,2020-04-17,4,3,0.9831608553396978,0.7339849125499058,15.0,0.05,63,0.012309247439251762
Correa,d_psei_10d_vol_log,F_L,2,prediction_k1_5,False,0.008431802660280954,0.011394130958639382,0.7400127917511515,0.4592922326058776,0.6073424175357308,False,0.00262903054339092,-0.01372131321819281,63,2020-01-08,2020-04-17,4,3,0.9787400913303248,0.711434453458571,15.0,0.05,63,0.012777545880742262
Correa,d_psei_10d_vol_log,F_L,3,prediction_k1_5,False,-0.009502333486933695,0.016698438596650718,-0.5690552102781407,0.5693186729050357,0.6569061610442719,False,0.0034804865486487424,-0.01285589891776695,63,2020-01-08,2020-04-17,4,3,0.982723995820526,0.7212763175566106,15.0,0.05,63,0.011496722062299904
Correa,d_psei_10d_vol_log,F_L,4,prediction_k1_5,False,-0.01456038380320793,0.017395019093748073,-0.8370432780060049,0.4025682419204861,0.6073424175357308,False,0.008147414052037227,-0.008112464406126119,63,2020-01-08,2020-04-17,4,3,0.9919124137454114,0.7974299711462682,15.0,0.05,63,0.010858360191645086
Correa,d_psei_10d_vol_log,F_L,5,prediction_k1_5,False,-0.01774211524945695,0.013401772912407527,-1.3238632952085825,0.18554845029045952,0.6073424175357308,False,0.013813393935862228,-0.0023535996061727626,63,2020-01-08,2020-04-17,4,3,0.9754906263892897,0.726094636505786,15.0,0.05,63,0.011776177703325898
Correa,d_psei_10d_vol_log,HP_L,1,prediction_k1_5,False,-0.004022707112157865,0.01817281054214871,-0.22135855666507323,0.8248132589861966,0.8837284917709249,False,0.0006133843169310316,-0.01577000282541441,63,2020-01-08,2020-04-17,4,3,0.9853896700366649,0.7266882668898833,15.0,0.05,63,0.012388554805643064
Correa,d_psei_10d_vol_log,HP_L,2,prediction_k1_5,False,0.01966443377056659,0.02029854575409492,0.9687607185652497,0.3326645898084939,0.6073424175357308,False,0.016950290044517313,0.0008347210288536244,63,2020-01-08,2020-04-17,4,3,0.9806019584071688,0.7229336140331678,15.0,0.05,63,0.012954738148912393
Correa,d_psei_10d_vol_log,HP_L,3,prediction_k1_5,False,-0.009234704537462514,0.011547693254982614,-0.7997012332725335,0.42388391824690763,0.6073424175357308,False,0.003830575674602099,-0.012500070625814264,63,2020-01-08,2020-04-17,4,3,0.9846621384930616,0.7354038648736901,15.0,0.05,63,0.011921170670741985
Correa,d_psei_10d_vol_log,HP_L,4,prediction_k1_5,False,-0.015266915907068851,0.017557352203520154,-0.8695454605055948,0.38454885409118944,0.6073424175357308,False,0.010128079544851731,-0.006099328987200003,63,2020-01-08,2020-04-17,4,3,0.9951018892662948,0.760483114883049,15.0,0.05,63,0.0109492100673861
Correa,d_psei_10d_vol_log,HP_L,5,prediction_k1_5,False,-0.020114053932014233,0.012261154767220063,-1.6404697855856716,0.1009075257222786,0.6073424175357308,False,0.017727291759212283,0.0016244604765763837,63,2020-01-08,2020-04-17,4,3,0.9479809520226651,0.6268036531654828,15.0,0.05,63,0.011029760791485765
Correa,d_psei_10d_vol_log,H_L,1,prediction_k1_5,False,0.015854336798209752,0.015870165361665797,0.9990026213908093,0.3177934214160333,0.6073424175357308,False,0.010838313966646584,-0.00537745137816259,63,2020-01-08,2020-04-17,4,3,0.959147250261792,0.7484316778249105,15.0,0.05,63,0.011765356510309296
Correa,d_psei_10d_vol_log,H_L,2,prediction_k1_5,False,0.02221577436893591,0.021019064103128843,1.0569345171571616,0.29054147393427365,0.6073424175357308,False,0.021792110446955948,0.005755915536250322,63,2020-01-08,2020-04-17,4,3,0.9861314024254362,0.7607010522477766,15.0,0.05,63,0.011594378877455354
Correa,d_psei_10d_vol_log,H_L,3,prediction_k1_5,False,-0.008175285552772945,0.010955145823740908,-0.7462507285896893,0.45551596918486714,0.6073424175357308,False,0.002922573536825457,-0.01342295804453797,63,2020-01-08,2020-04-17,4,3,0.9866824009166787,0.757728172219673,15.0,0.05,63,0.01259710351860245
Correa,d_psei_10d_vol_log,H_L,4,prediction_k1_5,False,-0.01243744654487386,0.01663765541466321,-0.747548030951068,0.4547328212939845,0.6073424175357308,False,0.006717796675060894,-0.009565518133544781,63,2020-01-08,2020-04-17,4,3,0.9887766337386454,0.7938096416042727,15.0,0.05,63,0.011962319412387736
Correa,d_psei_10d_vol_log,H_L,5,prediction_k1_5,False,-0.009428588559941494,0.013529593233189571,-0.6968863289113627,0.4858739340285847,0.6073424175357308,False,0.003934111044173849,-0.01239483795510199,63,2020-01-08,2020-04-17,4,3,0.9776923631378628,0.7134253979998587,15.0,0.05,63,0.011737147816937618
Correa,d_psei_10d_vol_log,F_L,0,diagnostic_k0,False,0.0014040037854760922,0.023057422680585884,0.06089161850072034,0.9514455245283682,0.9514455245283682,False,6.708145352951611e-05,-0.015556870398759193,66,2020-01-03,2020-04-17,4,3,0.9884665623180284,0.7738301654585686,1.0,0.05,66,0.009430576232119814
Correa,d_psei_10d_vol_log,HP_L,0,diagnostic_k0,False,-0.00010482273412913256,0.02272236086071715,-0.0046131973157046416,0.9963192141413623,0.9963192141413623,False,3.842574333168258e-07,-0.015624609738544182,66,2020-01-03,2020-04-17,4,3,0.9890881905741103,0.7663201983406651,1.0,0.05,66,0.009442400675557988
Correa,d_psei_10d_vol_log,H_L,0,diagnostic_k0,False,0.006434286913700361,0.017798361279102545,0.36151007459630574,0.7177181750740946,0.7177181750740946,False,0.001752684099461943,-0.01384493021148403,66,2020-01-03,2020-04-17,4,3,0.9887320050219404,0.771966519883872,1.0,0.05,66,0.009157186105186458
Correa,d_psei_30d_vol_log,F_L,1,prediction_k1_5,True,-0.004823933906515664,0.0073750963785223405,-0.6540841853353756,0.513057569670534,0.8546800589206427,False,0.009637350803157751,-0.025732743811015313,59,2020-01-08,2020-04-17,4,3,0.15930632288274543,0.5637645200990873,15.0,0.05,59,0.021960979109241413
Correa,d_psei_30d_vol_log,F_L,2,prediction_k1_5,True,0.004225380937046109,0.004867106749043536,0.868150454656961,0.3853119732019745,0.8546800589206427,False,0.008705936031528028,-0.026697423395917408,59,2020-01-08,2020-04-17,4,3,0.09143559972385573,0.39302515638150715,15.0,0.05,59,0.021700372410887733
Correa,d_psei_30d_vol_log,F_L,3,prediction_k1_5,True,-0.0045329519111403345,0.0071844019569623635,-0.6309435271431989,0.5280774500736967,0.8546800589206427,False,0.009806930312864837,-0.025557107890247233,59,2020-01-08,2020-04-17,4,3,0.15015299754948447,0.5428623398509952,15.0,0.05,59,0.021259531220817803
Correa,d_psei_30d_vol_log,F_L,4,prediction_k1_5,True,-0.004281078646976782,0.00935532873010714,-0.45760857480074396,0.6472336819139557,0.8546800589206427,False,0.009346273359476465,-0.026034216877685257,59,2020-01-08,2020-04-17,4,3,0.17795399713925122,0.5973984626849165,15.0,0.05,59,0.02126290492484173
Correa,d_psei_30d_vol_log,F_L,5,prediction_k1_5,True,-0.0044263413943146784,0.005847078904651235,-0.7570175580824832,0.4490393433652654,0.8546800589206427,False,0.010565959659605717,-0.02477097035255138,59,2020-01-08,2020-04-17,4,3,0.16521235451060942,0.5894056073605581,15.0,0.05,59,0.02147865876097943
Correa,d_psei_30d_vol_log,HP_L,1,prediction_k1_5,True,0.0018168856136119075,0.007088264218039874,0.2563230655239786,0.7977013883259332,0.8546800589206427,False,0.004956194936829417,-0.03058108381542679,59,2020-01-08,2020-04-17,4,3,0.12425398495245915,0.5013651356073476,15.0,0.05,59,0.021434029317208836
Correa,d_psei_30d_vol_log,HP_L,2,prediction_k1_5,True,0.004795838821769953,0.004451803688501547,1.0772799425448623,0.2813552201796261,0.8546800589206427,False,0.010448720061240535,-0.024892397079429474,59,2020-01-08,2020-04-17,4,3,0.08744896521770885,0.4031506490013647,15.0,0.05,59,0.021850864843183913
Correa,d_psei_30d_vol_log,HP_L,3,prediction_k1_5,True,-0.005704644867805407,0.005641923689321057,-1.011116984549626,0.3119604421559654,0.8546800589206427,False,0.014872372048185922,-0.020310757521521783,59,2020-01-08,2020-04-17,4,3,0.14412624482026146,0.5584804338631382,15.0,0.05,59,0.021336807558655833
Correa,d_psei_30d_vol_log,HP_L,4,prediction_k1_5,True,-0.0021611454762504646,0.006790960008083897,-0.3182385809484751,0.7503039694263482,0.8546800589206427,False,0.005550917582195836,-0.029965121075582912,59,2020-01-08,2020-04-17,4,3,0.14687868607839472,0.5423136559095183,15.0,0.05,59,0.021443941099795666
Correa,d_psei_30d_vol_log,HP_L,5,prediction_k1_5,True,-0.007398495276480141,0.004222411040447124,-1.7521968386329085,0.07973996707468652,0.8546800589206427,False,0.022293142129707233,-0.01262495993708912,59,2020-01-08,2020-04-17,4,3,0.110160232742365,0.4665451871682873,15.0,0.05,59,0.021127690198513484
Correa,d_psei_30d_vol_log,H_L,1,prediction_k1_5,True,0.002595289908117603,0.004682764196919278,0.5542217799104654,0.5794270744467402,0.8546800589206427,False,0.006248473906337426,-0.029242652025579297,59,2020-01-08,2020-04-17,4,3,0.12403939322879325,0.5065311265557579,15.0,0.05,59,0.021368832250027052
Correa,d_psei_30d_vol_log,H_L,2,prediction_k1_5,True,0.005024383681045593,0.003929863174994444,1.2785136421582148,0.2010683777161656,0.8546800589206427,False,0.012227138086260081,-0.023050464124944936,59,2020-01-08,2020-04-17,4,3,0.09148789845082704,0.4182963527568616,15.0,0.05,59,0.021630360881038663
Correa,d_psei_30d_vol_log,H_L,3,prediction_k1_5,True,-0.0030632529048359868,0.005790816396232886,-0.5289846362300025,0.5968161078146195,0.8546800589206427,False,0.0071368920423589,-0.028322504670414084,59,2020-01-08,2020-04-17,4,3,0.15590439642531706,0.5725007917183756,15.0,0.05,59,0.02168163349234136
Correa,d_psei_30d_vol_log,H_L,4,prediction_k1_5,True,-0.0018568276069964652,0.006542153706035552,-0.28382512708061625,0.7765443974217916,0.8546800589206427,False,0.005206488908022111,-0.030321850773834313,59,2020-01-08,2020-04-17,4,3,0.14032649563780555,0.528268100985157,15.0,0.05,59,0.021613800787375514
Correa,d_psei_30d_vol_log,H_L,5,prediction_k1_5,True,-0.00013625478377344056,0.004308387959506999,-0.03162546758881759,0.9747707333462445,0.9747707333462445,False,0.004099294901681705,-0.03146858742325831,59,2020-01-08,2020-04-17,4,3,0.13080560715382347,0.5142356450074397,15.0,0.05,59,0.021591809953165026
Correa,d_psei_30d_vol_log,F_L,0,diagnostic_k0,True,-0.010835826234826863,0.009401268383528215,-1.1525919474665896,0.24907790995455992,0.24907790995455992,False,0.03363355994873607,0.0003105792573131483,61,2020-01-06,2020-04-17,4,3,0.14496012362309169,0.47328169436378675,1.0,0.05,61,0.021174165660409222
Correa,d_psei_30d_vol_log,HP_L,0,diagnostic_k0,True,-0.004490291874478048,0.006844322492553959,-0.6560608269647,0.511784987784263,0.511784987784263,False,0.009469904189623235,-0.024686306010734738,61,2020-01-06,2020-04-17,4,3,0.129210619011643,0.4967937430421977,1.0,0.05,61,0.021165547888384345
Correa,d_psei_30d_vol_log,H_L,0,diagnostic_k0,True,-0.0036500691707807486,0.004730376076171748,-0.7716234633367074,0.44033747335654994,0.44033747335654994,False,0.008355810112568807,-0.02583881712492886,61,2020-01-06,2020-04-17,4,3,0.1143797595803489,0.48685354544496806,1.0,0.05,61,0.02120070126609143
Correa,cds_logdiff,F_L,1,prediction_k1_5,True,-0.004063775604149569,0.008166216621246674,-0.4976325993577652,0.6187430222344268,0.9340928900035199,False,0.01437654536049593,-0.013784124772061146,73,2020-01-08,2020-04-17,4,3,0.20592730455217317,0.5323519355477563,15.0,0.05,73,0.0127493344211269
Correa,cds_logdiff,F_L,2,prediction_k1_5,True,-0.005973752363377631,0.012275594047818554,-0.4866365195938686,0.6265159386837101,0.9340928900035199,False,0.015750678806961904,-0.012370730369982041,73,2020-01-08,2020-04-17,4,3,0.22405871140978909,0.5395196872249394,15.0,0.05,73,0.012447934756097845
Correa,cds_logdiff,F_L,3,prediction_k1_5,True,-0.00731607433474866,0.01594540173316077,-0.4588203205651335,0.6463632010829817,0.9340928900035199,False,0.016987013571577614,-0.01109907175494862,73,2020-01-08,2020-04-17,4,3,0.24245361024351003,0.5490495076267964,15.0,0.05,73,0.012398965836539587
Correa,cds_logdiff,F_L,4,prediction_k1_5,True,-0.009210283346387479,0.01124198925801964,-0.819275231011023,0.4126294009624455,0.9340928900035199,False,0.01930253177589647,-0.008717395887649193,73,2020-01-08,2020-04-17,4,3,0.23150354077342156,0.5746038364343463,15.0,0.05,73,0.012393551648642422
Correa,cds_logdiff,F_L,5,prediction_k1_5,True,-0.0005675253934848827,0.011883887863743878,-0.047755869122286604,0.9619108077377987,0.9619108077377987,False,0.01334174443296754,-0.014848491440376144,73,2020-01-08,2020-04-17,4,3,0.193880709627317,0.5016208940737611,15.0,0.05,73,0.012931120856817422
Correa,cds_logdiff,HP_L,1,prediction_k1_5,True,-0.002051521741725411,0.008512176270923322,-0.24101025124834272,0.809547171336384,0.9340928900035199,False,0.01363769352539801,-0.014544086659590505,73,2020-01-08,2020-04-17,4,3,0.19275617123210478,0.502751843899094,15.0,0.05,73,0.012973407727022004
Correa,cds_logdiff,HP_L,2,prediction_k1_5,True,-0.0020504502620278015,0.006267332575046736,-0.3271647447259508,0.7435432844956782,0.9340928900035199,False,0.013656690424281415,-0.014524546992167542,73,2020-01-08,2020-04-17,4,3,0.1950090604123303,0.5086958767772266,15.0,0.05,73,0.012898954379351816
Correa,cds_logdiff,HP_L,3,prediction_k1_5,True,-0.007747968271302568,0.0141374499922436,-0.5480456712882047,0.5836605434377063,0.9340928900035199,False,0.01817335659192587,-0.009878833219733263,73,2020-01-08,2020-04-17,4,3,0.2247417534402947,0.49831239669868177,15.0,0.05,73,0.012794304237027418
Correa,cds_logdiff,HP_L,4,prediction_k1_5,True,-0.008239747320599435,0.010580404680872051,-0.7787743067612328,0.4361126753412746,0.9340928900035199,False,0.01878460289304562,-0.009250122738581501,73,2020-01-08,2020-04-17,4,3,0.24056244727158382,0.5863253810053958,15.0,0.05,73,0.012786805129756109
Correa,cds_logdiff,HP_L,5,prediction_k1_5,True,0.0031996899654891425,0.00970264863003895,0.3297748983285915,0.7415700555622435,0.9340928900035199,False,0.01414629036884274,-0.014020958477761747,73,2020-01-08,2020-04-17,4,3,0.17189377575941583,0.4636154829071004,15.0,0.05,73,0.012978039859522672
Correa,cds_logdiff,H_L,1,prediction_k1_5,True,-0.005878952869099366,0.006115160893367797,-0.961373375388273,0.33636446631705785,0.9340928900035199,False,0.01600569537865726,-0.012108427610523886,73,2020-01-08,2020-04-17,4,3,0.19804309710515416,0.5025544253082104,15.0,0.05,73,0.013150978299479803
Correa,cds_logdiff,H_L,2,prediction_k1_5,True,0.0006232012537210166,0.01022111273901059,0.06097195771478624,0.9513815419935936,0.9619108077377987,False,0.013347194489707781,-0.014842885667728956,73,2020-01-08,2020-04-17,4,3,0.18726152608412833,0.48911047019380804,15.0,0.05,73,0.01293830148049885
Correa,cds_logdiff,H_L,3,prediction_k1_5,True,0.0030442636814805354,0.010131086379854446,0.30048738776268064,0.7638054153065454,0.9340928900035199,False,0.01405085532442285,-0.014119120237736427,73,2020-01-08,2020-04-17,4,3,0.17207405919010807,0.4791021694260239,15.0,0.05,73,0.012969924245785646
Correa,cds_logdiff,H_L,4,prediction_k1_5,True,0.0021059926967413926,0.008314509145920593,0.25329128392079175,0.8000431309788363,0.9340928900035199,False,0.01366734145594839,-0.014513591645310076,73,2020-01-08,2020-04-17,4,3,0.17506194422663354,0.46831808965683297,15.0,0.05,73,0.012970418722100729
Correa,cds_logdiff,H_L,5,prediction_k1_5,True,0.01376022317143814,0.009599754712902094,1.4333932046143185,0.1517454992843791,0.9340928900035199,False,0.028568273708409198,0.0008130815286495618,73,2020-01-08,2020-04-17,4,3,0.16158145925650053,0.41922888721522356,15.0,0.05,73,0.013318347651625062
Correa,cds_logdiff,F_L,0,diagnostic_k0,True,-0.03444604600242819,0.013614279720039469,-2.5301409043128085,0.011401672837947234,0.011401672837947234,True,0.09374348400164634,0.06891453835785577,76,2020-01-03,2020-04-17,4,3,0.3164839275567484,0.7223151834060602,1.0,0.05,76,0.012318120809091457
Correa,cds_logdiff,HP_L,0,diagnostic_k0,True,-0.029938613999757512,0.011577508087291766,-2.585929007695542,0.009711693108273387,0.009711693108273387,True,0.08386325687647844,0.05876362007857361,76,2020-01-03,2020-04-17,4,3,0.17990578059953072,0.4815266416590034,1.0,0.05,76,0.013878985704928015
Correa,cds_logdiff,H_L,0,diagnostic_k0,True,-0.02347313381804876,0.01174108119465764,-1.9992310272693945,0.04558336293458222,0.04558336293458222,True,0.0561827391858728,0.03032473204028019,76,2020-01-03,2020-04-17,4,3,0.13957970730726862,0.41090920528505415,1.0,0.05,76,0.014368243637848629
Correa,fx_ret,F_L,1,prediction_k1_5,False,0.00031221346891775623,0.00025141417808407634,1.2418292050870248,0.21429958482595557,0.6788608263324293,False,0.009206089107510751,-0.006774457842368076,64,2020-01-08,2020-04-17,4,3,0.09714614941871919,0.10808759159728135,15.0,0.05,64,0.00017504933287894398
Correa,fx_ret,F_L,2,prediction_k1_5,False,-0.00010732786548723884,0.00041916037128239254,-0.25605441935953194,0.7979088169808047,0.8146589185307725,False,0.0011462947330372897,-0.014964248900300792,64,2020-01-08,2020-04-17,4,3,0.11044615719075795,0.10432419982567123,15.0,0.05,64,0.00016750645636354073
Correa,fx_ret,F_L,3,prediction_k1_5,False,0.00024830815632950683,0.00037580371240460034,0.6607389659370145,0.5087797301656454,0.693790541134971,False,0.006409255000131453,-0.009616402177285766,64,2020-01-08,2020-04-17,4,3,0.114175540454212,0.1301125181801678,15.0,0.05,64,0.00019671316991019748
Correa,fx_ret,F_L,4,prediction_k1_5,False,8.987868836057162e-05,0.0003834087578371409,0.23442001916593946,0.8146589185307725,0.8146589185307725,False,0.0008360216688703126,-0.015279526368728646,64,2020-01-08,2020-04-17,4,3,0.09529227911392722,0.08954374403115335,15.0,0.05,64,0.00018239712635107676
Correa,fx_ret,F_L,5,prediction_k1_5,False,-0.000236656634156562,0.0003025768370758072,-0.7821373124383291,0.4341338805885049,0.6788608263324293,False,0.006635631832598743,-0.009386374105585071,64,2020-01-08,2020-04-17,4,3,0.06585208662985549,0.045492565651220125,15.0,0.05,64,0.00016333009974577462
Correa,fx_ret,HP_L,1,prediction_k1_5,False,0.0003533003202703125,0.00038528968897249627,0.916973203234444,0.3591566821893364,0.6788608263324293,False,0.013038191298315183,-0.002880547551711965,64,2020-01-08,2020-04-17,4,3,0.1616419913810371,0.18868338262901613,15.0,0.05,64,0.00016313789997659004
Correa,fx_ret,HP_L,2,prediction_k1_5,False,0.00013972847809698815,0.0003954953390019816,0.3532999363521906,0.7238635932393725,0.8146589185307725,False,0.0023091691791863322,-0.013782618414697856,64,2020-01-08,2020-04-17,4,3,0.08651339249367138,0.08411159447831433,15.0,0.05,64,0.00017807909746487955
Correa,fx_ret,HP_L,3,prediction_k1_5,False,0.0003468168996502264,0.0004106824812712905,0.8444891502959546,0.3983961236697664,0.6788608263324293,False,0.014562455787613282,-0.001331698151296079,64,2020-01-08,2020-04-17,4,3,0.06939653444907237,0.09871746237795435,15.0,0.05,64,0.00018727215074452157
Correa,fx_ret,HP_L,4,prediction_k1_5,False,0.00033106036774116086,0.00035365981253051464,0.9360983521773375,0.34922255138327907,0.6788608263324293,False,0.012816990509989523,-0.0031053160946881153,64,2020-01-08,2020-04-17,4,3,0.08925185666937338,0.07843022773320871,15.0,0.05,64,0.00020295960651498408
Correa,fx_ret,HP_L,5,prediction_k1_5,False,-0.00027035495134743827,0.0003163085605608214,-0.8547190467058291,0.3927067035766294,0.6788608263324293,False,0.008619923069694613,-0.0073700781711167895,64,2020-01-08,2020-04-17,4,3,0.0746524476533496,0.06015879668358487,15.0,0.05,64,0.00015552643589365604
Correa,fx_ret,H_L,1,prediction_k1_5,False,0.0003679547041710029,0.00037396940833121545,0.9839165877576663,0.32515652703710285,0.6788608263324293,False,0.015825042715368443,-4.87469182546274e-05,64,2020-01-08,2020-04-17,4,3,0.18917283940338886,0.19587837061703828,15.0,0.05,64,0.00015503133706014377
Correa,fx_ret,H_L,2,prediction_k1_5,False,-0.00011758197597338467,0.00035226182429915994,-0.33379142405601026,0.738536955260868,0.8146589185307725,False,0.001644633253466976,-0.014457872661799653,64,2020-01-08,2020-04-17,4,3,0.12107681782412529,0.1088537121899486,15.0,0.05,64,0.00017635412648753576
Correa,fx_ret,H_L,3,prediction_k1_5,False,0.00046847710312609454,0.00035542923482897976,1.318060129047937,0.18748352014926228,0.6788608263324293,False,0.02589614698065945,0.010184794512605566,64,2020-01-08,2020-04-17,4,3,0.08271680494679988,0.09803481815401403,15.0,0.05,64,0.00016221788603202516
Correa,fx_ret,H_L,4,prediction_k1_5,False,0.00021038696474806268,0.00028009361116175714,0.7511308946870691,0.4525738842216195,0.6788608263324293,False,0.005173890730658437,-0.010871691676911599,64,2020-01-08,2020-04-17,4,3,0.08237172028463942,0.07398005595913316,15.0,0.05,64,0.00017992114822681265
Correa,fx_ret,H_L,5,prediction_k1_5,False,-0.000402757401837493,0.0002306217945971989,-1.7463978308769297,0.08074184661633686,0.6788608263324293,False,0.019349638873870645,0.003532697565384657,64,2020-01-08,2020-04-17,4,3,0.06644319828991065,0.05463673035613319,15.0,0.05,64,0.00014865798481745774
Correa,fx_ret,F_L,0,diagnostic_k0,False,0.0002496915165108702,0.00034096185177873205,0.7323151115242889,0.463976257913974,0.463976257913974,False,0.005351228446300871,-0.009951060346832907,67,2020-01-03,2020-04-17,4,3,0.10711368150364864,0.22580337438016695,1.0,0.05,67,0.00019164948721681885
Correa,fx_ret,HP_L,0,diagnostic_k0,False,-0.00015738516409799673,0.0002742909961481569,-0.5737890281057054,0.5661105742959982,0.5661105742959982,False,0.002157036581485361,-0.013194393624953227,67,2020-01-03,2020-04-17,4,3,0.15264366353132766,0.23945468706766604,1.0,0.05,67,0.0001939641039918082
Correa,fx_ret,H_L,0,diagnostic_k0,False,-0.00010596260133580609,0.0002548256430341724,-0.41582393386365907,0.6775388439422017,0.6775388439422017,False,0.001185356606546284,-0.014181022522583797,67,2020-01-03,2020-04-17,4,3,0.1432296080855516,0.2390457502669347,1.0,0.05,67,0.0001900902871696608
Correa,d_vix_log,F_L,1,prediction_k1_5,True,-0.010196523191656558,0.01892447098521427,-0.5388009630294619,0.5900241990549024,0.737530248818628,False,0.04436458711630997,0.013032278497172589,64,2020-01-08,2020-04-17,4,3,0.7188132569933798,0.6177259273457681,15.0,0.05,64,0.017791175403948905
Correa,d_vix_log,F_L,2,prediction_k1_5,True,-0.01146200449175521,0.01841519538875391,-0.6224210088346396,0.5336650695936485,0.737530248818628,False,0.045382240492903625,0.014083297558244667,64,2020-01-08,2020-04-17,4,3,0.6835313075834147,0.4563937430342211,15.0,0.05,64,0.017426048436847724
Correa,d_vix_log,F_L,3,prediction_k1_5,True,-0.039437580923056326,0.012036416195724564,-3.276521871773168,0.0010509417251176314,0.01576412587676447,True,0.10902939723221428,0.07981724632179499,64,2020-01-08,2020-04-17,4,3,0.3903710747901632,0.36486783553638386,15.0,0.05,64,0.01414742837915329
Correa,d_vix_log,F_L,4,prediction_k1_5,True,-0.020370237297735412,0.012182998371553642,-1.6720216712249045,0.09452004878378686,0.374513327766466,False,0.06200522731822089,0.03125130034504775,64,2020-01-08,2020-04-17,4,3,0.522687810011481,0.4462857290548806,15.0,0.05,64,0.017899383729247317
Correa,d_vix_log,F_L,5,prediction_k1_5,True,0.01374962619617014,0.013960250845241265,0.9849125455261485,0.324667030453722,0.6811951316031138,False,0.052149906163863724,0.021072853906941136,64,2020-01-08,2020-04-17,4,3,0.234587717953532,0.2794208826192908,15.0,0.05,64,0.019487882898106365
Correa,d_vix_log,HP_L,1,prediction_k1_5,True,0.011175159037573261,0.013093783761169918,0.8534705659882358,0.39339840356985545,0.6811951316031138,False,0.04755914225812574,0.016331573151834755,64,2020-01-08,2020-04-17,4,3,0.34687374456538267,0.30260499364039356,15.0,0.05,64,0.0191900230895393
Correa,d_vix_log,HP_L,2,prediction_k1_5,True,-0.028215310631926165,0.012550420238539837,-2.248156643016827,0.024566203260163975,0.18424652445122983,False,0.08763292765031161,0.05771925314704307,64,2020-01-08,2020-04-17,4,3,0.735921909805649,0.40015545407740755,15.0,0.05,64,0.01776296491328521
Correa,d_vix_log,HP_L,3,prediction_k1_5,True,-0.012298399183064815,0.014886338522631907,-0.8261533999356113,0.40871707896186826,0.6811951316031138,False,0.04772221510966057,0.016499992654239626,64,2020-01-08,2020-04-17,4,3,0.49439434497462575,0.44352976790854526,15.0,0.05,64,0.018219685403019027
Correa,d_vix_log,HP_L,4,prediction_k1_5,True,-0.0021706439455276665,0.013666112886913098,-0.1588340418003068,0.8737996277775031,0.8737996277775031,False,0.03978805628982274,0.00830569747965293,64,2020-01-08,2020-04-17,4,3,0.5259354750984067,0.4556902885136729,15.0,0.05,64,0.018762382544314525
Correa,d_vix_log,HP_L,5,prediction_k1_5,True,0.004566448502701861,0.013596901570678898,0.3358447863261142,0.7369879150955285,0.7896299090309234,False,0.0407227433775067,0.009271030045621687,64,2020-01-08,2020-04-17,4,3,0.44130352930061556,0.41291635558150075,15.0,0.05,64,0.019235268837095778
Correa,d_vix_log,H_L,1,prediction_k1_5,True,0.012251253957516755,0.012434975360155155,0.9852254309061931,0.3245133515911751,0.6811951316031138,False,0.048651967065150514,0.01746022828040128,64,2020-01-08,2020-04-17,4,3,0.3957352546049437,0.3391949237172566,15.0,0.05,64,0.019303944861316695
Correa,d_vix_log,H_L,2,prediction_k1_5,True,-0.014086443138190664,0.009894905536579235,-1.4236056207021137,0.15456066787433176,0.4636820036229953,False,0.051490980623968396,0.020392324250983695,64,2020-01-08,2020-04-17,4,3,0.5688213438671512,0.4120118407644265,15.0,0.05,64,0.018440695579272453
Correa,d_vix_log,H_L,3,prediction_k1_5,True,0.0073426112803151025,0.012497498849061404,0.5875264618141215,0.5568501837712148,0.737530248818628,False,0.04262945599242263,0.011240257828239675,64,2020-01-08,2020-04-17,4,3,0.5159167925165187,0.460599026508554,15.0,0.05,64,0.019180044920627193
Correa,d_vix_log,H_L,4,prediction_k1_5,True,0.004467428223645526,0.010669803185687797,0.4186982782998304,0.6754366541202681,0.7793499855233862,False,0.040725425652413216,0.009273800263967735,64,2020-01-08,2020-04-17,4,3,0.49150341388362173,0.4127077744199232,15.0,0.05,64,0.019044447388004558
Correa,d_vix_log,H_L,5,prediction_k1_5,True,0.01811934718257259,0.011011566727860888,1.6454831206469438,0.09987022073772427,0.374513327766466,False,0.05952697500557025,0.028691793858211856,64,2020-01-08,2020-04-17,4,3,0.4879276078889381,0.5144398965365397,15.0,0.05,64,0.020557574250124923
Correa,d_vix_log,F_L,0,diagnostic_k0,True,-0.028927396654589425,0.01905037902616203,-1.5184683000198165,0.12889638500848538,0.12889638500848538,False,0.08366598518672386,0.05457601646249277,66,2020-01-06,2020-04-17,4,3,0.8745276267120393,0.6015421233013816,1.0,0.05,66,0.016898694577961913
Correa,d_vix_log,HP_L,0,diagnostic_k0,True,-0.01975125553457168,0.015905268673591214,-1.2418058405618928,0.21430820730055,0.21430820730055,False,0.06404697833921524,0.03433418400077748,66,2020-01-06,2020-04-17,4,3,0.6787768711138957,0.5836073457971609,1.0,0.05,66,0.018756932269288394
Correa,d_vix_log,H_L,0,diagnostic_k0,True,-0.017831701951540633,0.014346381630622955,-1.2429407226612539,0.21388967794238734,0.21388967794238734,False,0.06019977359086992,0.03036484576835774,66,2020-01-06,2020-04-17,4,3,0.5684477422956966,0.47376203432890696,1.0,0.05,66,0.018340875749205197
